{"count":1,"self":65.293126399999991,"total":72.1323523,"children":{"InitializeActuators":{"count":61,"self":0.00099129999999999986,"total":0.00099129999999999986,"children":null},"InitializeSensors":{"count":61,"self":0.0019933999999999998,"total":0.0019933999999999998,"children":null},"AgentSendState":{"count":3970,"self":0.2194581,"total":1.3170587999999999,"children":{"CollectObservations":{"count":53367,"self":0.96568349999999992,"total":0.96568349999999992,"children":null},"WriteActionMask":{"count":53367,"self":0.027977,"total":0.027977,"children":null},"RequestDecision":{"count":53367,"self":0.1039402,"total":0.1039402,"children":null}}},"DecideAction":{"count":3970,"self":3.0124427999999996,"total":3.0124427999999996,"children":null},"AgentAct":{"count":3970,"self":2.4987551999999997,"total":2.4987551999999997,"children":null}},"gauges":{"AllyFire23091012.CumulativeReward":{"count":2669,"max":50,"min":-0.4,"runningAverage":2.58096623,"value":-0.2,"weightedAverage":0.5876971}},"metadata":{"timer_format_version":"0.1.0","start_time_seconds":"1699024823","unity_version":"2022.3.2f1","command_line_arguments":"C:\\Program Files\\Unity\\Hub\\Editor\\2022.3.2f1\\Editor\\Unity.exe -projectpath E:\\Nebula_Disorientation\\Nebula_Disorientation -useHub -hubIPC -cloudEnvironment production -licensingIpc LicenseClient-HP -hubSessionId ea1897d0-7a1b-11ee-b3a9-7516552a4897","communication_protocol_version":"1.5.0","com.unity.ml-agents_version":"2.0.1","scene_name":"GameplayInterior","end_time_seconds":"1699024894"}}