{"count":1,"self":47.967408,"total":49.816770899999995,"children":{"InitializeActuators":{"count":51,"self":0.0025277,"total":0.0025277,"children":null},"InitializeSensors":{"count":51,"self":0.0010000999999999999,"total":0.0010000999999999999,"children":null},"AgentSendState":{"count":2666,"self":0.069893799999999992,"total":0.1915266,"children":{"CollectObservations":{"count":29653,"self":0.086040999999999992,"total":0.086040999999999992,"children":null},"WriteActionMask":{"count":29653,"self":0.010998299999999999,"total":0.010998299999999999,"children":null},"RequestDecision":{"count":29653,"self":0.024593499999999997,"total":0.024593499999999997,"children":null}}},"DecideAction":{"count":2666,"self":0.87653339999999991,"total":0.87653339999999991,"children":null},"AgentAct":{"count":2666,"self":0.77777619999999992,"total":0.77777619999999992,"children":null}},"gauges":{"AllyFire23091012.CumulativeReward":{"count":2246,"max":30,"min":-5.599999,"runningAverage":3.70516753,"value":-2.00000024,"weightedAverage":-0.8467454}},"metadata":{"timer_format_version":"0.1.0","start_time_seconds":"1698398246","unity_version":"2022.3.2f1","command_line_arguments":"E:\\unity\\2022.3.2f1\\Editor\\Unity.exe -projectpath E:\\Nebula_Disorientation\\Nebula_Disorientation -useHub -hubIPC -cloudEnvironment production -licensingIpc LicenseClient-khang -hubSessionId 9a034fb1-e706-4738-b336-498d6fb0cb2c","communication_protocol_version":"1.5.0","com.unity.ml-agents_version":"2.0.1","scene_name":"GameplayInterior","end_time_seconds":"1698398296"}}