{"count":1,"self":13.3588312,"total":13.476454799999999,"children":{"InitializeActuators":{"count":11,"self":0.0020120999999999997,"total":0.0020120999999999997,"children":null},"InitializeSensors":{"count":11,"self":0.0010012999999999999,"total":0.0010012999999999999,"children":null},"AgentSendState":{"count":322,"self":0.0031084999999999997,"total":0.0173561,"children":{"CollectObservations":{"count":569,"self":0.0019803999999999998,"total":0.0019803999999999998,"children":null},"WriteActionMask":{"count":569,"self":0,"total":0,"children":null},"RequestDecision":{"count":569,"self":0.012267199999999999,"total":0.012267199999999999,"children":null}}},"DecideAction":{"count":322,"self":0.08964599999999999,"total":0.08964599999999999,"children":null},"AgentAct":{"count":322,"self":0.0076083999999999995,"total":0.0076083999999999995,"children":null}},"gauges":{},"metadata":{"timer_format_version":"0.1.0","start_time_seconds":"1699849717","unity_version":"2022.3.2f1","command_line_arguments":"E:\\unity\\2022.3.2f1\\Editor\\Unity.exe -projectpath E:\\Nebula_Disorientation\\Nebula_Disorientation -useHub -hubIPC -cloudEnvironment production -licensingIpc LicenseClient-khang -hubSessionId 25452a6e-4424-43f0-ba34-ae8d0acbb6b5","communication_protocol_version":"1.5.0","com.unity.ml-agents_version":"2.0.1","scene_name":"GameplayExterior","end_time_seconds":"1699849730"}}