{"count":1,"self":193.08573439999998,"total":194.89694649999998,"children":{"InitializeActuators":{"count":22,"self":0.0020193,"total":0.0020193,"children":null},"InitializeSensors":{"count":22,"self":0.0020247999999999998,"total":0.0020247999999999998,"children":null},"AgentSendState":{"count":10661,"self":0.0503517,"total":0.1643676,"children":{"CollectObservations":{"count":11697,"self":0.0768166,"total":0.0768166,"children":null},"WriteActionMask":{"count":11697,"self":0.0053495999999999995,"total":0.0053495999999999995,"children":null},"RequestDecision":{"count":11697,"self":0.0318497,"total":0.0318497,"children":null}}},"DecideAction":{"count":10661,"self":1.2087797999999998,"total":1.2087797999999998,"children":null},"AgentAct":{"count":10661,"self":0.43401799999999996,"total":0.43401799999999996,"children":null}},"gauges":{"AllyFire23091012.CumulativeReward":{"count":1064,"max":108.2,"min":-3.40000057,"runningAverage":2.68778062,"value":-0.2,"weightedAverage":-0.199842751}},"metadata":{"timer_format_version":"0.1.0","start_time_seconds":"1699233557","unity_version":"2022.3.2f1","command_line_arguments":"E:\\unity\\2022.3.2f1\\Editor\\Unity.exe -projectpath E:\\Nebula_Disorientation\\Nebula_Disorientation -useHub -hubIPC -cloudEnvironment production -licensingIpc LicenseClient-khang -hubSessionId 3940bf9e-e2d0-4a7f-a533-d77a2f01f93d","communication_protocol_version":"1.5.0","com.unity.ml-agents_version":"2.0.1","scene_name":"GameplayExterior","end_time_seconds":"1699233751"}}