{"count":1,"self":31.41576,"total":32.779989799999996,"children":{"InitializeActuators":{"count":39,"self":0.0020114,"total":0.0020114,"children":null},"InitializeSensors":{"count":39,"self":0.0010003,"total":0.0010003,"children":null},"AgentSendState":{"count":1766,"self":0.039101699999999996,"total":0.1256071,"children":{"CollectObservations":{"count":14473,"self":0.054970599999999994,"total":0.054970599999999994,"children":null},"WriteActionMask":{"count":14473,"self":0.0075768999999999993,"total":0.0075768999999999993,"children":null},"RequestDecision":{"count":14473,"self":0.023957899999999997,"total":0.023957899999999997,"children":null}}},"DecideAction":{"count":1766,"self":0.5941962,"total":0.5941962,"children":null},"AgentAct":{"count":1766,"self":0.64041229999999993,"total":0.64041229999999993,"children":null}},"gauges":{"AllyFire23091012.CumulativeReward":{"count":1204,"max":290,"min":-4.20000029,"runningAverage":7.03621864,"value":10,"weightedAverage":29.1671677}},"metadata":{"timer_format_version":"0.1.0","start_time_seconds":"1698846749","unity_version":"2022.3.2f1","command_line_arguments":"E:\\unity\\2022.3.2f1\\Editor\\Unity.exe -projectpath E:\\Nebula_Disorientation\\Nebula_Disorientation -useHub -hubIPC -cloudEnvironment production -licensingIpc LicenseClient-khang -hubSessionId f202f9ed-f53b-45fa-bb1d-c297bfb9fd6d","communication_protocol_version":"1.5.0","com.unity.ml-agents_version":"2.0.1","scene_name":"GameplayInterior","end_time_seconds":"1698846781"}}