{"count":1,"self":10.8848032,"total":11.102911599999999,"children":{"InitializeActuators":{"count":50,"self":0.0050171999999999994,"total":0.0050171999999999994,"children":null},"InitializeSensors":{"count":50,"self":0.0010000999999999999,"total":0.0010000999999999999,"children":null},"AgentSendState":{"count":444,"self":0.0058376,"total":0.0320356,"children":{"CollectObservations":{"count":4664,"self":0.0085752,"total":0.0085752,"children":null},"WriteActionMask":{"count":4664,"self":0.0030396999999999998,"total":0.0030396999999999998,"children":null},"RequestDecision":{"count":4664,"self":0.0145831,"total":0.0145831,"children":null}}},"DecideAction":{"count":444,"self":0.1439279,"total":0.1439279,"children":null},"AgentAct":{"count":444,"self":0.035128599999999996,"total":0.035128599999999996,"children":null}},"gauges":{},"metadata":{"timer_format_version":"0.1.0","start_time_seconds":"1698164693","unity_version":"2022.3.2f1","command_line_arguments":"E:\\unity\\2022.3.2f1\\Editor\\Unity.exe -projectpath E:\\Nebula_Disorientation\\Nebula_Disorientation -useHub -hubIPC -cloudEnvironment production -licensingIpc LicenseClient-khang -hubSessionId 48c33589-8c25-4cb5-aea9-9f4c70ac1058","communication_protocol_version":"1.5.0","com.unity.ml-agents_version":"2.0.1","scene_name":"GameplayInterior","end_time_seconds":"1698164704"}}