{"count":1,"self":40.2407488,"total":43.325615299999996,"children":{"InitializeActuators":{"count":18,"self":0.0030654999999999996,"total":0.0030654999999999996,"children":null},"InitializeSensors":{"count":18,"self":0.0020689,"total":0.0020689,"children":null},"AgentSendState":{"count":1772,"self":0.060752799999999996,"total":0.2238474,"children":{"CollectObservations":{"count":7658,"self":0.0994737,"total":0.0994737,"children":null},"WriteActionMask":{"count":7658,"self":0.013009699999999999,"total":0.013009699999999999,"children":null},"RequestDecision":{"count":7658,"self":0.050611199999999995,"total":0.050611199999999995,"children":null}}},"DecideAction":{"count":1772,"self":1.9371357999999999,"total":1.9371357999999999,"children":null},"AgentAct":{"count":1772,"self":0.9167491,"total":0.9167491,"children":null}},"gauges":{"AllyFire23091012.CumulativeReward":{"count":306,"max":20,"min":-2.60000038,"runningAverage":1.9869287,"value":-0.2,"weightedAverage":1.60083115}},"metadata":{"timer_format_version":"0.1.0","start_time_seconds":"1699545156","unity_version":"2022.3.2f1","command_line_arguments":"C:\\Program Files\\Unity\\Hub\\Editor\\2022.3.2f1\\Editor\\Unity.exe -projectpath E:\\Nebula_Disorientation\\Nebula_Disorientation -useHub -hubIPC -cloudEnvironment production -licensingIpc LicenseClient-HP -hubSessionId 988071c0-7ee1-11ee-84c0-1fbcb4a234ef","communication_protocol_version":"1.5.0","com.unity.ml-agents_version":"2.0.1","scene_name":"GameplayInterior","end_time_seconds":"1699545198"}}