{"count":1,"self":602.602496,"total":604.960508,"children":{"InitializeActuators":{"count":27,"self":0.0010122,"total":0.0010122,"children":null},"InitializeSensors":{"count":27,"self":0.0020071999999999998,"total":0.0020071999999999998,"children":null},"AgentSendState":{"count":12033,"self":0.050286899999999995,"total":0.1317663,"children":{"CollectObservations":{"count":10228,"self":0.049207299999999995,"total":0.049207299999999995,"children":null},"WriteActionMask":{"count":10228,"self":0.0045160999999999995,"total":0.0045160999999999995,"children":null},"RequestDecision":{"count":10228,"self":0.027756,"total":0.027756,"children":null}}},"DecideAction":{"count":12033,"self":1.1179713,"total":1.1179713,"children":null},"AgentAct":{"count":12033,"self":1.1041341999999998,"total":1.1041341999999998,"children":null}},"gauges":{"AllyFire23091012.CumulativeReward":{"count":929,"max":636.999939,"min":-5.19999933,"runningAverage":5.16576862,"value":-0.2,"weightedAverage":-0.199974373}},"metadata":{"timer_format_version":"0.1.0","start_time_seconds":"1698972764","unity_version":"2022.3.2f1","command_line_arguments":"E:\\unity\\2022.3.2f1\\Editor\\Unity.exe -projectpath E:\\Nebula_Disorientation\\Nebula_Disorientation -useHub -hubIPC -cloudEnvironment production -licensingIpc LicenseClient-khang -hubSessionId 33a758d4-d89c-4bb0-ba90-710c30867fe7","communication_protocol_version":"1.5.0","com.unity.ml-agents_version":"2.0.1","scene_name":"GameplayInterior","end_time_seconds":"1698973369"}}