{"count":1,"self":126.2088448,"total":133.3537365,"children":{"InitializeActuators":{"count":158,"self":0.0035375999999999997,"total":0.0035375999999999997,"children":null},"InitializeSensors":{"count":158,"self":0.0010016,"total":0.0010016,"children":null},"AgentSendState":{"count":5454,"self":0.1880449,"total":0.47901479999999996,"children":{"CollectObservations":{"count":84640,"self":0.20963859999999998,"total":0.20963859999999998,"children":null},"WriteActionMask":{"count":84640,"self":0.0249816,"total":0.0249816,"children":null},"RequestDecision":{"count":84640,"self":0.056349699999999996,"total":0.056349699999999996,"children":null}}},"DecideAction":{"count":5454,"self":1.6953832,"total":1.6953832999999998,"children":null},"AgentAct":{"count":5454,"self":4.9659488,"total":4.9659489,"children":null}},"gauges":{"AllyFire23091012.CumulativeReward":{"count":5187,"max":589.8,"min":-4.4,"runningAverage":7.46449757,"value":-0.2,"weightedAverage":0.180892885}},"metadata":{"timer_format_version":"0.1.0","start_time_seconds":"1698588091","unity_version":"2022.3.2f1","command_line_arguments":"E:\\unity\\2022.3.2f1\\Editor\\Unity.exe -projectpath E:\\Nebula_Disorientation\\Nebula_Disorientation -useHub -hubIPC -cloudEnvironment production -licensingIpc LicenseClient-khang -hubSessionId 5ac86ee6-f886-4298-846d-05e07428a146","communication_protocol_version":"1.5.0","com.unity.ml-agents_version":"2.0.1","scene_name":"GameplayInterior","end_time_seconds":"1698588224"}}