{"count":1,"self":158.0208896,"total":159.1498762,"children":{"InitializeActuators":{"count":22,"self":0.0024784,"total":0.0024784,"children":null},"InitializeSensors":{"count":22,"self":0.0010567999999999999,"total":0.0010567999999999999,"children":null},"AgentSendState":{"count":8851,"self":0.0445203,"total":0.12246689999999999,"children":{"CollectObservations":{"count":10452,"self":0.046119299999999995,"total":0.046119299999999995,"children":null},"WriteActionMask":{"count":10452,"self":0.0070298,"total":0.0070298,"children":null},"RequestDecision":{"count":10452,"self":0.0247975,"total":0.0247975,"children":null}}},"DecideAction":{"count":8851,"self":0.699838,"total":0.699838,"children":null},"AgentAct":{"count":8851,"self":0.30315159999999997,"total":0.30315159999999997,"children":null}},"gauges":{"AllyFire23091012.CumulativeReward":{"count":449,"max":98.3999939,"min":-3.00000048,"runningAverage":5.7665925,"value":-0.2,"weightedAverage":1.62144756}},"metadata":{"timer_format_version":"0.1.0","start_time_seconds":"1698588808","unity_version":"2022.3.2f1","command_line_arguments":"E:\\unity\\2022.3.2f1\\Editor\\Unity.exe -projectpath E:\\Nebula_Disorientation\\Nebula_Disorientation -useHub -hubIPC -cloudEnvironment production -licensingIpc LicenseClient-khang -hubSessionId 5ac86ee6-f886-4298-846d-05e07428a146","communication_protocol_version":"1.5.0","com.unity.ml-agents_version":"2.0.1","scene_name":"GameplayExterior","end_time_seconds":"1698588967"}}