{"count":1,"self":410.13183999999995,"total":415.3589472,"children":{"InitializeActuators":{"count":30,"self":0.0015203,"total":0.0015203,"children":null},"InitializeSensors":{"count":30,"self":0.002518,"total":0.002518,"children":null},"AgentSendState":{"count":13494,"self":0.095478899999999992,"total":0.3416887,"children":{"CollectObservations":{"count":20975,"self":0.18167039999999998,"total":0.18167039999999998,"children":null},"WriteActionMask":{"count":20975,"self":0.012320099999999999,"total":0.012320099999999999,"children":null},"RequestDecision":{"count":20975,"self":0.052219299999999996,"total":0.052219299999999996,"children":null}}},"DecideAction":{"count":13494,"self":2.3695972,"total":2.3695972,"children":null},"AgentAct":{"count":13494,"self":2.5102804,"total":2.5102804,"children":null}},"gauges":{"AllyFire23091012.CumulativeReward":{"count":2130,"max":140,"min":-5.99999857,"runningAverage":0.9723015,"value":-0.2,"weightedAverage":-0.200000018}},"metadata":{"timer_format_version":"0.1.0","start_time_seconds":"1699232540","unity_version":"2022.3.2f1","command_line_arguments":"E:\\unity\\2022.3.2f1\\Editor\\Unity.exe -projectpath E:\\Nebula_Disorientation\\Nebula_Disorientation -useHub -hubIPC -cloudEnvironment production -licensingIpc LicenseClient-khang -hubSessionId 3940bf9e-e2d0-4a7f-a533-d77a2f01f93d","communication_protocol_version":"1.5.0","com.unity.ml-agents_version":"2.0.1","scene_name":"GameplayInterior","end_time_seconds":"1699232955"}}