{"count":1,"self":29.184115199999997,"total":31.2242239,"children":{"InitializeActuators":{"count":11,"self":0.0015026999999999998,"total":0.0015026999999999998,"children":null},"InitializeSensors":{"count":11,"self":0.0045661,"total":0.0045661,"children":null},"AgentSendState":{"count":1674,"self":0.016285499999999998,"total":0.0688804,"children":{"CollectObservations":{"count":3959,"self":0.0375125,"total":0.0375125,"children":null},"WriteActionMask":{"count":3959,"self":0.0037635999999999998,"total":0.0037635999999999998,"children":null},"RequestDecision":{"count":3959,"self":0.011318799999999999,"total":0.011318799999999999,"children":null}}},"DecideAction":{"count":1674,"self":0.5602553,"total":0.5602553,"children":null},"AgentAct":{"count":1674,"self":1.4039036999999999,"total":1.4039036999999999,"children":null}},"gauges":{"AllyFire23091012.CumulativeReward":{"count":578,"max":650,"min":-5.399999,"runningAverage":57.69378,"value":-3.80000067,"weightedAverage":22.2609882}},"metadata":{"timer_format_version":"0.1.0","start_time_seconds":"1699025745","unity_version":"2022.3.2f1","command_line_arguments":"E:\\unity\\2022.3.2f1\\Editor\\Unity.exe -projectpath E:\\Nebula_Disorientation\\Nebula_Disorientation -useHub -hubIPC -cloudEnvironment production -licensingIpc LicenseClient-khang -hubSessionId 80ec7941-b9f8-4fc1-81b1-95c6fcdd7acf","communication_protocol_version":"1.5.0","com.unity.ml-agents_version":"2.0.1","scene_name":"GameplayInterior","end_time_seconds":"1699025776"}}