{"count":1,"self":189.89735679999998,"total":194.2024308,"children":{"InitializeActuators":{"count":7,"self":0.00098289999999999988,"total":0.00098289999999999988,"children":null},"InitializeSensors":{"count":7,"self":0.0010207999999999999,"total":0.0010207999999999999,"children":null},"AgentSendState":{"count":3001,"self":0.060673899999999996,"total":0.1585,"children":{"CollectObservations":{"count":2570,"self":0.052228399999999994,"total":0.052228399999999994,"children":null},"WriteActionMask":{"count":2570,"self":0.0075063,"total":0.0075063,"children":null},"RequestDecision":{"count":2570,"self":0.0380914,"total":0.0380914,"children":null}}},"DecideAction":{"count":3001,"self":2.021172,"total":2.0211718999999997,"children":null},"AgentAct":{"count":3001,"self":2.121396,"total":2.121396,"children":null}},"gauges":{"AllyFire23091012.CumulativeReward":{"count":223,"max":118.200005,"min":-3.40000057,"runningAverage":3.34708548,"value":10,"weightedAverage":5.41098642}},"metadata":{"timer_format_version":"0.1.0","start_time_seconds":"1700136484","unity_version":"2022.3.2f1","command_line_arguments":"C:\\Program Files\\Unity\\Hub\\Editor\\2022.3.2f1\\Editor\\Unity.exe -projectpath E:\\Nebula_Disorientation\\Nebula_Disorientation -useHub -hubIPC -cloudEnvironment production -licensingIpc LicenseClient-HP -hubSessionId 45d6cee0-845b-11ee-afcb-1351ec9c39c2","communication_protocol_version":"1.5.0","com.unity.ml-agents_version":"2.0.1","scene_name":"GameplayInterior","end_time_seconds":"1700136678"}}