{"count":1,"self":362.839808,"total":368.3466833,"children":{"InitializeActuators":{"count":40,"self":0.0025118,"total":0.0025118,"children":null},"InitializeSensors":{"count":40,"self":0.0020025999999999998,"total":0.0020025999999999998,"children":null},"AgentSendState":{"count":21231,"self":0.0931205,"total":0.23265229999999998,"children":{"CollectObservations":{"count":15713,"self":0.10677009999999999,"total":0.10677009999999999,"children":null},"WriteActionMask":{"count":15713,"self":0.0074611999999999994,"total":0.0074611999999999994,"children":null},"RequestDecision":{"count":15713,"self":0.0253005,"total":0.0253005,"children":null}}},"DecideAction":{"count":21231,"self":1.7084624,"total":1.7084625,"children":null},"AgentAct":{"count":21231,"self":3.5612511999999996,"total":3.561251,"children":null}},"gauges":{"AllyFire23091012.CumulativeReward":{"count":1448,"max":575.3998,"min":-5.79999876,"runningAverage":41.0751266,"value":20,"weightedAverage":14.3114958}},"metadata":{"timer_format_version":"0.1.0","start_time_seconds":"1699275583","unity_version":"2022.3.2f1","command_line_arguments":"E:\\unity\\2022.3.2f1\\Editor\\Unity.exe -projectpath E:\\Nebula_Disorientation\\Nebula_Disorientation -useHub -hubIPC -cloudEnvironment production -licensingIpc LicenseClient-khang -hubSessionId dea96dbb-71f6-4e35-b7ab-a808d079fa57","communication_protocol_version":"1.5.0","com.unity.ml-agents_version":"2.0.1","scene_name":"MainMenu","end_time_seconds":"1699275952"}}