{"count":1,"self":93.543168,"total":99.6411376,"children":{"InitializeActuators":{"count":67,"self":0.002533,"total":0.002533,"children":null},"InitializeSensors":{"count":67,"self":0.0010003,"total":0.0010003,"children":null},"AgentSendState":{"count":4463,"self":0.11806109999999999,"total":0.3706344,"children":{"CollectObservations":{"count":51316,"self":0.18478989999999998,"total":0.18478989999999998,"children":null},"WriteActionMask":{"count":51316,"self":0.019030599999999998,"total":0.019030599999999998,"children":null},"RequestDecision":{"count":51316,"self":0.0487528,"total":0.0487528,"children":null}}},"DecideAction":{"count":4463,"self":1.5948579999999999,"total":1.5948579999999999,"children":null},"AgentAct":{"count":4463,"self":4.1289419999999994,"total":4.1289419,"children":null}},"gauges":{"AllyFire23091012.CumulativeReward":{"count":3709,"max":408.6,"min":-6.99999762,"runningAverage":2.49296212,"value":10,"weightedAverage":2.40282035}},"metadata":{"timer_format_version":"0.1.0","start_time_seconds":"1699007823","unity_version":"2022.3.2f1","command_line_arguments":"E:\\unity\\2022.3.2f1\\Editor\\Unity.exe -projectpath E:\\Nebula_Disorientation\\Nebula_Disorientation -useHub -hubIPC -cloudEnvironment production -licensingIpc LicenseClient-khang -hubSessionId bb75a484-e55f-410d-865b-59219634943b","communication_protocol_version":"1.5.0","com.unity.ml-agents_version":"2.0.1","scene_name":"MainMenu","end_time_seconds":"1699007923"}}