{"count":1,"self":201.8506112,"total":203.47853719999998,"children":{"InitializeActuators":{"count":106,"self":0.0010000999999999999,"total":0.0010000999999999999,"children":null},"InitializeSensors":{"count":106,"self":0.0025106,"total":0.0025106,"children":null},"AgentSendState":{"count":3052,"self":0.036346199999999995,"total":0.11995489999999999,"children":{"CollectObservations":{"count":17114,"self":0.0634655,"total":0.0634655,"children":null},"WriteActionMask":{"count":17114,"self":0.0050092999999999995,"total":0.0050092999999999995,"children":null},"RequestDecision":{"count":17114,"self":0.015133899999999999,"total":0.015133899999999999,"children":null}}},"DecideAction":{"count":3052,"self":0.4282913,"total":0.4282913,"children":null},"AgentAct":{"count":3052,"self":1.0761665999999999,"total":1.0761665999999999,"children":null}},"gauges":{"AllyFire23091012.CumulativeReward":{"count":121,"max":20,"min":10,"runningAverage":10.2479353,"value":20,"weightedAverage":12.5000019}},"metadata":{"timer_format_version":"0.1.0","start_time_seconds":"1701286815","unity_version":"2022.3.2f1","command_line_arguments":"E:\\unity\\2022.3.2f1\\Editor\\Unity.exe -projectpath E:\\Nebula_Disorientation\\Nebula_Disorientation -useHub -hubIPC -cloudEnvironment production -licensingIpc LicenseClient-khang -hubSessionId 6d26af6a-4006-4d1f-9006-92eb8d69a32e","communication_protocol_version":"1.5.0","com.unity.ml-agents_version":"2.0.1","scene_name":"MainMenu","end_time_seconds":"1701287018"}}