{"count":1,"self":361.7307136,"total":367.2713659,"children":{"InitializeActuators":{"count":53,"self":0.0020166999999999997,"total":0.0020166999999999997,"children":null},"InitializeSensors":{"count":53,"self":0.0030077999999999997,"total":0.0030077999999999997,"children":null},"AgentSendState":{"count":20072,"self":0.0974288,"total":0.3741547,"children":{"CollectObservations":{"count":35387,"self":0.22655119999999998,"total":0.22655119999999998,"children":null},"WriteActionMask":{"count":35387,"self":0.0080369,"total":0.0080369,"children":null},"RequestDecision":{"count":35387,"self":0.042137799999999996,"total":0.042137799999999996,"children":null}}},"DecideAction":{"count":20072,"self":2.7396203999999997,"total":2.7396203999999997,"children":null},"AgentAct":{"count":20072,"self":2.421856,"total":2.4218561,"children":null}},"gauges":{"AllyFire23091012.CumulativeReward":{"count":4023,"max":207.000015,"min":-5.99999857,"runningAverage":2.1158843,"value":-0.2,"weightedAverage":-0.199988216}},"metadata":{"timer_format_version":"0.1.0","start_time_seconds":"1698972317","unity_version":"2022.3.2f1","command_line_arguments":"E:\\unity\\2022.3.2f1\\Editor\\Unity.exe -projectpath E:\\Nebula_Disorientation\\Nebula_Disorientation -useHub -hubIPC -cloudEnvironment production -licensingIpc LicenseClient-khang -hubSessionId 33a758d4-d89c-4bb0-ba90-710c30867fe7","communication_protocol_version":"1.5.0","com.unity.ml-agents_version":"2.0.1","scene_name":"MainMenu","end_time_seconds":"1698972685"}}