{"count":1,"self":110.70900479999999,"total":111.79704729999999,"children":{"InitializeActuators":{"count":11,"self":0,"total":0,"children":null},"InitializeSensors":{"count":11,"self":0.0010012999999999999,"total":0.0010012999999999999,"children":null},"AgentSendState":{"count":6484,"self":0.0167916,"total":0.0489451,"children":{"CollectObservations":{"count":4718,"self":0.014296399999999999,"total":0.014296399999999999,"children":null},"WriteActionMask":{"count":4718,"self":0.0023447,"total":0.0023447,"children":null},"RequestDecision":{"count":4718,"self":0.015512399999999999,"total":0.015512399999999999,"children":null}}},"DecideAction":{"count":6484,"self":0.5286218,"total":0.5286218,"children":null},"AgentAct":{"count":6484,"self":0.50947259999999994,"total":0.50947259999999994,"children":null}},"gauges":{"AllyFire23091012.CumulativeReward":{"count":323,"max":330,"min":-5.399999,"runningAverage":7.16161156,"value":330,"weightedAverage":95.90787}},"metadata":{"timer_format_version":"0.1.0","start_time_seconds":"1699207645","unity_version":"2022.3.2f1","command_line_arguments":"E:\\unity\\2022.3.2f1\\Editor\\Unity.exe -projectpath E:\\Nebula_Disorientation\\Nebula_Disorientation -useHub -hubIPC -cloudEnvironment production -licensingIpc LicenseClient-khang -hubSessionId c365b8b1-1dda-40e2-a895-597d2eb975d3","communication_protocol_version":"1.5.0","com.unity.ml-agents_version":"2.0.1","scene_name":"SessionSummary","end_time_seconds":"1699207757"}}