{"count":1,"self":110.59493119999999,"total":121.28029219999999,"children":{"InitializeActuators":{"count":80,"self":0.0029858999999999997,"total":0.0029858999999999997,"children":null},"InitializeSensors":{"count":80,"self":0.0059986,"total":0.0059986,"children":null},"AgentSendState":{"count":5903,"self":0.31133109999999997,"total":0.7818723,"children":{"CollectObservations":{"count":84129,"self":0.33429519999999996,"total":0.33429519999999996,"children":null},"WriteActionMask":{"count":84129,"self":0.028987899999999997,"total":0.028987899999999997,"children":null},"RequestDecision":{"count":84129,"self":0.1072581,"total":0.1072581,"children":null}}},"DecideAction":{"count":5903,"self":3.312402,"total":3.3124021,"children":null},"AgentAct":{"count":5903,"self":6.5800236,"total":6.5800234999999994,"children":null}},"gauges":{"AllyFire23091012.CumulativeReward":{"count":4224,"max":128.400009,"min":-4.99999952,"runningAverage":2.7394433,"value":10,"weightedAverage":9.455299}},"metadata":{"timer_format_version":"0.1.0","start_time_seconds":"1698402018","unity_version":"2022.3.2f1","command_line_arguments":"C:\\Program Files\\Unity\\Hub\\Editor\\2022.3.2f1\\Editor\\Unity.exe -projectpath E:\\Nebula_Disorientation\\Nebula_Disorientation -useHub -hubIPC -cloudEnvironment production -licensingIpc LicenseClient-HP -hubSessionId 011e7760-749f-11ee-afa1-cd0b9c124f52","communication_protocol_version":"1.5.0","com.unity.ml-agents_version":"2.0.1","scene_name":"SessionSummary","end_time_seconds":"1698402140"}}