{"count":1,"self":71.788512,"total":73.068006799999992,"children":{"InitializeActuators":{"count":35,"self":0.0034923999999999997,"total":0.0034923999999999997,"children":null},"InitializeSensors":{"count":35,"self":0.0019933999999999998,"total":0.0019933999999999998,"children":null},"AgentSendState":{"count":834,"self":0.0487495,"total":0.1139654,"children":{"CollectObservations":{"count":7132,"self":0.0170221,"total":0.0170221,"children":null},"WriteActionMask":{"count":7132,"self":0.0089716999999999991,"total":0.0089716999999999991,"children":null},"RequestDecision":{"count":7132,"self":0.039222099999999996,"total":0.039222099999999996,"children":null}}},"DecideAction":{"count":834,"self":1.0387287,"total":1.0387287,"children":null},"AgentAct":{"count":834,"self":0.12131589999999999,"total":0.12131589999999999,"children":null}},"gauges":{},"metadata":{"timer_format_version":"0.1.0","start_time_seconds":"1697899220","unity_version":"2022.3.2f1","command_line_arguments":"C:\\Program Files\\Unity\\Hub\\Editor\\2022.3.2f1\\Editor\\Unity.exe -projectpath E:\\Nebula_Disorientation\\Nebula_Disorientation -useHub -hubIPC -cloudEnvironment production -licensingIpc LicenseClient-HP -hubSessionId 4aeb2100-6ff8-11ee-8d7c-8b1e18e99daa","communication_protocol_version":"1.5.0","com.unity.ml-agents_version":"2.0.1","scene_name":"UECMainMenu","end_time_seconds":"1697899293"}}