{"count":1,"self":48.654035199999996,"total":52.7107707,"children":{"InitializeActuators":{"count":11,"self":0.0010035999999999999,"total":0.0010035999999999999,"children":null},"InitializeSensors":{"count":11,"self":0.001019,"total":0.001019,"children":null},"AgentSendState":{"count":2895,"self":0.014795099999999999,"total":0.060782899999999994,"children":{"CollectObservations":{"count":5190,"self":0.031805599999999996,"total":0.031805599999999996,"children":null},"WriteActionMask":{"count":5190,"self":0.0010044,"total":0.0010044,"children":null},"RequestDecision":{"count":5190,"self":0.0131778,"total":0.0131778,"children":null}}},"DecideAction":{"count":2895,"self":0.5690672,"total":0.5690672,"children":null},"AgentAct":{"count":2895,"self":3.4248619999999996,"total":3.4248621,"children":null}},"gauges":{"AllyFire23091012.CumulativeReward":{"count":1071,"max":540,"min":-6.399998,"runningAverage":25.5622959,"value":-3.00000048,"weightedAverage":-2.4931767}},"metadata":{"timer_format_version":"0.1.0","start_time_seconds":"1700395679","unity_version":"2022.3.2f1","command_line_arguments":"E:\\unity\\2022.3.2f1\\Editor\\Unity.exe -projectpath E:\\Nebula_Disorientation\\Nebula_Disorientation -useHub -hubIPC -cloudEnvironment production -licensingIpc LicenseClient-khang -hubSessionId 2eb18420-58e0-447c-b24b-07a8d856c88f","communication_protocol_version":"1.5.0","com.unity.ml-agents_version":"2.0.1","scene_name":"UECMainMenu","end_time_seconds":"1700395732"}}