{"count":1,"self":48.2467712,"total":49.4382954,"children":{"InitializeActuators":{"count":11,"self":0.0029514999999999997,"total":0.0029514999999999997,"children":null},"InitializeSensors":{"count":11,"self":0.0029917999999999998,"total":0.0029917999999999998,"children":null},"AgentSendState":{"count":2625,"self":0.041399899999999996,"total":0.1261341,"children":{"CollectObservations":{"count":3412,"self":0.019858499999999998,"total":0.019858499999999998,"children":null},"WriteActionMask":{"count":3412,"self":0.0029852999999999998,"total":0.0029852999999999998,"children":null},"RequestDecision":{"count":3412,"self":0.0618904,"total":0.0618904,"children":null}}},"DecideAction":{"count":2625,"self":0.8015601,"total":0.8015601,"children":null},"AgentAct":{"count":2625,"self":0.2558939,"total":0.2558939,"children":null}},"gauges":{"AllyFire23091012.CumulativeReward":{"count":78,"max":10,"min":-2.00000024,"runningAverage":3.071795,"value":10,"weightedAverage":8.455387}},"metadata":{"timer_format_version":"0.1.0","start_time_seconds":"1698929104","unity_version":"2022.3.2f1","command_line_arguments":"C:\\Program Files\\Unity\\Hub\\Editor\\2022.3.2f1\\Editor\\Unity.exe -projectpath E:\\Nebula_Disorientation\\Nebula_Disorientation -useHub -hubIPC -cloudEnvironment production -licensingIpc LicenseClient-HP -hubSessionId 0c27cd70-7925-11ee-bd95-a7c7feb0c778","communication_protocol_version":"1.5.0","com.unity.ml-agents_version":"2.0.1","scene_name":"UECMainMenu","end_time_seconds":"1698929154"}}