{
    "name": "root",
    "gauges": {
        "AllyFire23091012.Policy.Entropy.mean": {
            "value": 1.4616328477859497,
            "min": 1.4616328477859497,
            "max": 1.4616328477859497,
            "count": 1
        },
        "AllyFire23091012.Policy.Entropy.sum": {
            "value": 7796.349609375,
            "min": 7796.349609375,
            "max": 7796.349609375,
            "count": 1
        },
        "AllyFire23091012.Step.mean": {
            "value": 149994.0,
            "min": 149994.0,
            "max": 149994.0,
            "count": 1
        },
        "AllyFire23091012.Step.sum": {
            "value": 149994.0,
            "min": 149994.0,
            "max": 149994.0,
            "count": 1
        },
        "AllyFire23091012.Policy.ExtrinsicValueEstimate.mean": {
            "value": 1.6730672121047974,
            "min": 1.6730672121047974,
            "max": 1.6730672121047974,
            "count": 1
        },
        "AllyFire23091012.Policy.ExtrinsicValueEstimate.sum": {
            "value": 881.7064208984375,
            "min": 881.7064208984375,
            "max": 881.7064208984375,
            "count": 1
        },
        "AllyFire23091012.Environment.EpisodeLength.mean": {
            "value": 7.33984375,
            "min": 7.33984375,
            "max": 7.33984375,
            "count": 1
        },
        "AllyFire23091012.Environment.EpisodeLength.sum": {
            "value": 3758.0,
            "min": 3758.0,
            "max": 3758.0,
            "count": 1
        },
        "AllyFire23091012.Environment.CumulativeReward.mean": {
            "value": -0.20000000298023224,
            "min": -0.20000000298023224,
            "max": -0.20000000298023224,
            "count": 1
        },
        "AllyFire23091012.Environment.CumulativeReward.sum": {
            "value": -102.00000151991844,
            "min": -102.00000151991844,
            "max": -102.00000151991844,
            "count": 1
        },
        "AllyFire23091012.Policy.ExtrinsicReward.mean": {
            "value": -0.20000000298023224,
            "min": -0.20000000298023224,
            "max": -0.20000000298023224,
            "count": 1
        },
        "AllyFire23091012.Policy.ExtrinsicReward.sum": {
            "value": -102.00000151991844,
            "min": -102.00000151991844,
            "max": -102.00000151991844,
            "count": 1
        },
        "AllyFire23091012.IsTraining.mean": {
            "value": 1.0,
            "min": 1.0,
            "max": 1.0,
            "count": 1
        },
        "AllyFire23091012.IsTraining.sum": {
            "value": 1.0,
            "min": 1.0,
            "max": 1.0,
            "count": 1
        }
    },
    "metadata": {
        "timer_format_version": "0.1.0",
        "start_time_seconds": "1697127844",
        "python_version": "3.9.11 (tags/v3.9.11:2de452f, Mar 16 2022, 14:33:45) [MSC v.1929 64 bit (AMD64)]",
        "command_line_arguments": "E:\\Nebula_Disorientation\\Nebula_Disorientation\\venv\\Scripts\\mlagents-learn --resume",
        "mlagents_version": "0.30.0",
        "mlagents_envs_version": "0.30.0",
        "communication_protocol_version": "1.5.0",
        "pytorch_version": "2.0.1+cpu",
        "numpy_version": "1.21.2",
        "end_time_seconds": "1697127951"
    },
    "total": 107.35573550000001,
    "count": 1,
    "self": 0.008971000000002505,
    "children": {
        "run_training.setup": {
            "total": 0.06513249999999982,
            "count": 1,
            "self": 0.06513249999999982
        },
        "TrainerController.start_learning": {
            "total": 107.281632,
            "count": 1,
            "self": 0.030073400000006245,
            "children": {
                "TrainerController._reset_env": {
                    "total": 5.370809500000001,
                    "count": 1,
                    "self": 5.370809500000001
                },
                "TrainerController.advance": {
                    "total": 101.6388514,
                    "count": 588,
                    "self": 0.02918030000007832,
                    "children": {
                        "env_step": {
                            "total": 93.5893725,
                            "count": 588,
                            "self": 92.08826120000005,
                            "children": {
                                "SubprocessEnvManager._take_step": {
                                    "total": 1.4857688999999752,
                                    "count": 588,
                                    "self": 0.10459879999997845,
                                    "children": {
                                        "TorchPolicy.evaluate": {
                                            "total": 1.3811700999999967,
                                            "count": 540,
                                            "self": 1.3811700999999967
                                        }
                                    }
                                },
                                "workers": {
                                    "total": 0.01534239999997844,
                                    "count": 587,
                                    "self": 0.0,
                                    "children": {
                                        "worker_root": {
                                            "total": 38.5511969,
                                            "count": 587,
                                            "is_parallel": true,
                                            "self": 11.593546900000046,
                                            "children": {
                                                "steps_from_proto": {
                                                    "total": 0.00509610000000027,
                                                    "count": 1,
                                                    "is_parallel": true,
                                                    "self": 0.00041729999999962075,
                                                    "children": {
                                                        "_process_rank_one_or_two_observation": {
                                                            "total": 0.004678800000000649,
                                                            "count": 2,
                                                            "is_parallel": true,
                                                            "self": 0.004678800000000649
                                                        }
                                                    }
                                                },
                                                "UnityEnvironment.step": {
                                                    "total": 26.952553899999955,
                                                    "count": 587,
                                                    "is_parallel": true,
                                                    "self": 0.14295150000003787,
                                                    "children": {
                                                        "UnityEnvironment._generate_step_input": {
                                                            "total": 0.26362549999993945,
                                                            "count": 587,
                                                            "is_parallel": true,
                                                            "self": 0.26362549999993945
                                                        },
                                                        "communicator.exchange": {
                                                            "total": 26.236408299999997,
                                                            "count": 587,
                                                            "is_parallel": true,