{
    "name": "root",
    "metadata": {
        "timer_format_version": "0.1.0",
        "start_time_seconds": "1696851212",
        "python_version": "3.9.11 (tags/v3.9.11:2de452f, Mar 16 2022, 14:33:45) [MSC v.1929 64 bit (AMD64)]",
        "command_line_arguments": "E:\\Nebula_Disorientation\\Nebula_Disorientation\\venv\\Scripts\\mlagents-learn --resume",
        "mlagents_version": "0.30.0",
        "mlagents_envs_version": "0.30.0",
        "communication_protocol_version": "1.5.0",
        "pytorch_version": "2.0.1+cpu",
        "numpy_version": "1.21.2",
        "end_time_seconds": "1696851357"
    },
    "total": 144.8632999,
    "count": 1,
    "self": 0.005863199999964763,
    "children": {
        "run_training.setup": {
            "total": 0.04792810000000003,
            "count": 1,
            "self": 0.04792810000000003
        },
        "TrainerController.start_learning": {
            "total": 144.80950860000002,
            "count": 1,
            "self": 0.11735820000018293,
            "children": {
                "TrainerController._reset_env": {
                    "total": 13.8902137,
                    "count": 1,
                    "self": 13.8902137
                },
                "TrainerController.advance": {
                    "total": 130.55327609999983,
                    "count": 4480,
                    "self": 0.11630820000027597,
                    "children": {
                        "env_step": {
                            "total": 129.4701125999997,
                            "count": 4480,
                            "self": 120.56538789999942,
                            "children": {
                                "SubprocessEnvManager._take_step": {
                                    "total": 8.824665000000305,
                                    "count": 4480,
                                    "self": 0.3772255000005913,
                                    "children": {
                                        "TorchPolicy.evaluate": {
                                            "total": 8.447439499999714,
                                            "count": 4480,
                                            "self": 8.447439499999714
                                        }
                                    }
                                },
                                "workers": {
                                    "total": 0.08005969999998896,
                                    "count": 4479,
                                    "self": 0.0,
                                    "children": {
                                        "worker_root": {
                                            "total": 66.94820349999998,
                                            "count": 4479,
                                            "is_parallel": true,
                                            "self": 16.07805220000008,
                                            "children": {
                                                "steps_from_proto": {
                                                    "total": 0.0007303000000007387,
                                                    "count": 1,
                                                    "is_parallel": true,
                                                    "self": 0.00047620000000136997,
                                                    "children": {
                                                        "_process_rank_one_or_two_observation": {
                                                            "total": 0.0002540999999993687,
                                                            "count": 2,
                                                            "is_parallel": true,
                                                            "self": 0.0002540999999993687
                                                        }
                                                    }
                                                },
                                                "UnityEnvironment.step": {
                                                    "total": 50.869420999999896,
                                                    "count": 4479,
                                                    "is_parallel": true,
                                                    "self": 0.5213719000007941,
                                                    "children": {
                                                        "UnityEnvironment._generate_step_input": {
                                                            "total": 0.5177896999996321,
                                                            "count": 4479,
                                                            "is_parallel": true,
                                                            "self": 0.5177896999996321
                                                        },
                                                        "communicator.exchange": {
                                                            "total": 48.20163889999986,
                                                            "count": 4479,
                                                            "is_parallel": true,
                                                            "self": 48.20163889999986
                                                        },
                                                        "steps_from_proto": {
                                                            "total": 1.6286204999996166,
                                                            "count": 4479,
                                                            "is_parallel": true,
                                                            "self": 0.9572214999994291,
                                                            "children": {
                                                                "_process_rank_one_or_two_observation": {
                                                                    "total": 0.6713990000001875,
                                                                    "count": 8958,
                                                                    "is_parallel": true,
                                                                    "self": 0.6713990000001875
                                                                }
                                                            }
                                                        }
                                                    }
                                                }
                                            }
                                        }
                                    }
                                }
                            }
                        },
                        "trainer_advance": {
                            "total": 0.9668552999998568,
                            "count": 4479,
                            "self": 0.13586179999929726,
                            "children": {
                                "process_trajectory": {
                                    "total": 0.8309935000005595,
                                    "count": 4479,
                                    "self": 0.8309935000005595
                                }
                            }
                        }
                    }
                },
                "TrainerController._save_models": {
                    "total": 0.2486605999999938,
                    "count": 1,
                    "self": 0.010593999999969128,
                    "children": {
                        "RLTrainer._checkpoint": {
                            "total": 0.23806660000002466,
                            "count": 1,