{
    "name": "root",
    "metadata": {
        "timer_format_version": "0.1.0",
        "start_time_seconds": "1696784895",
        "python_version": "3.9.11 (tags/v3.9.11:2de452f, Mar 16 2022, 14:33:45) [MSC v.1929 64 bit (AMD64)]",
        "command_line_arguments": "E:\\Nebula_Disorientation\\Nebula_Disorientation\\venv\\Scripts\\mlagents-learn --run-id='Test1'",
        "mlagents_version": "0.30.0",
        "mlagents_envs_version": "0.30.0",
        "communication_protocol_version": "1.5.0",
        "pytorch_version": "2.0.1+cpu",
        "numpy_version": "1.21.2",
        "end_time_seconds": "1696785092"
    },
    "total": 197.3547865,
    "count": 1,
    "self": 0.015650899999997137,
    "children": {
        "run_training.setup": {
            "total": 0.06385960000000068,
            "count": 1,
            "self": 0.06385960000000068
        },
        "TrainerController.start_learning": {
            "total": 197.275276,
            "count": 1,
            "self": 0.005474499999962745,
            "children": {
                "TrainerController._reset_env": {
                    "total": 23.370314999999998,
                    "count": 1,
                    "self": 23.370314999999998
                },
                "TrainerController.advance": {
                    "total": 173.27744410000003,
                    "count": 26,
                    "self": 0.0016594000000509368,
                    "children": {
                        "env_step": {
                            "total": 173.27466560000002,
                            "count": 26,
                            "self": 173.2735662000001,
                            "children": {
                                "SubprocessEnvManager._take_step": {
                                    "total": 0.00031899999995488315,
                                    "count": 27,
                                    "self": 0.00031899999995488315
                                },
                                "workers": {
                                    "total": 0.00078039999996804,
                                    "count": 25,
                                    "self": 0.0,
                                    "children": {
                                        "worker_root": {
                                            "total": 40.39008379999997,
                                            "count": 25,
                                            "is_parallel": true,
                                            "self": 0.1656349999999449,
                                            "children": {
                                                "steps_from_proto": {
                                                    "total": 0.01160730000000143,
                                                    "count": 2,
                                                    "is_parallel": true,
                                                    "self": 0.0010356000000015797,
                                                    "children": {
                                                        "_process_rank_one_or_two_observation": {
                                                            "total": 0.01057169999999985,
                                                            "count": 4,
                                                            "is_parallel": true,
                                                            "self": 0.01057169999999985
                                                        }
                                                    }
                                                },
                                                "UnityEnvironment.step": {
                                                    "total": 40.212841500000025,
                                                    "count": 25,
                                                    "is_parallel": true,
                                                    "self": 0.004460400000056097,
                                                    "children": {
                                                        "UnityEnvironment._generate_step_input": {
                                                            "total": 0.0012744000000068922,
                                                            "count": 25,
                                                            "is_parallel": true,
                                                            "self": 0.0012744000000068922
                                                        },
                                                        "communicator.exchange": {
                                                            "total": 40.19884729999998,
                                                            "count": 25,
                                                            "is_parallel": true,
                                                            "self": 40.19884729999998
                                                        },
                                                        "steps_from_proto": {
                                                            "total": 0.008259399999982264,
                                                            "count": 25,
                                                            "is_parallel": true,
                                                            "self": 0.00343119999994812,
                                                            "children": {
                                                                "_process_rank_one_or_two_observation": {
                                                                    "total": 0.004828200000034144,
                                                                    "count": 50,
                                                                    "is_parallel": true,
                                                                    "self": 0.004828200000034144
                                                                }
                                                            }
                                                        }
                                                    }
                                                }
                                            }
                                        }
                                    }
                                }
                            }
                        },
                        "trainer_advance": {
                            "total": 0.0011190999999470819,
                            "count": 25,
                            "self": 0.000656499999941218,
                            "children": {
                                "process_trajectory": {
                                    "total": 0.0004626000000058639,
                                    "count": 25,
                                    "self": 0.0004626000000058639
                                }
                            }
                        }
                    }
                },
                "TrainerController._save_models": {
                    "total": 0.622042399999998,
                    "count": 1,
                    "self": 0.00723840000000564,
                    "children": {
                        "RLTrainer._checkpoint": {
                            "total": 0.6148039999999924,
                            "count": 1,
                            "self": 0.6148039999999924
                        }
                    }
                }
            }
        }
    }
}